c,si,mn,p,s,ni,cr,mo,cu,v,al,n,nb+ta,temp,yield
0.12,0.36,0.52,0.009,0.003,0.089,0.97,0.61,0.04,0.0,0.003,0.0066,0.0,27,342
0.12,0.36,0.52,0.009,0.003,0.089,0.97,0.61,0.04,0.0,0.003,0.0066,0.0,100,338
0.12,0.36,0.52,0.009,0.003,0.089,0.97,0.61,0.04,0.0,0.003,0.0066,0.0,200,337
0.12,0.36,0.52,0.009,0.003,0.089,0.97,0.61,0.04,0.0,0.003,0.0066,0.0,300,346
0.12,0.36,0.52,0.009,0.003,0.089,0.97,0.61,0.04,0.0,0.003,0.0066,0.0,400,316
0.12,0.36,0.52,0.009,0.003,0.089,0.97,0.61,0.04,0.0,0.003,0.0066,0.0,450,287
0.09,0.37,0.49,0.006,0.005,0.055,0.98,0.57,0.07,0.0,0.005,0.008,0.0,27,310
0.09,0.37,0.49,0.006,0.005,0.055,0.98,0.57,0.07,0.0,0.005,0.008,0.0,100,285
0.09,0.37,0.49,0.006,0.005,0.055,0.98,0.57,0.07,0.0,0.005,0.008,0.0,200,296
0.09,0.37,0.49,0.006,0.005,0.055,0.98,0.57,0.07,0.0,0.005,0.008,0.0,300,265
0.09,0.37,0.49,0.006,0.005,0.055,0.98,0.57,0.07,0.0,0.005,0.008,0.0,400,257
0.09,0.37,0.49,0.006,0.005,0.055,0.98,0.57,0.07,0.0,0.005,0.008,0.0,450,240
0.1,0.28,0.49,0.008,0.009,0.028,0.9,0.56,0.08,0.0,0.006,0.009,0.0,27,306
0.1,0.28,0.49,0.008,0.009,0.028,0.9,0.56,0.08,0.0,0.006,0.009,0.0,100,258
0.1,0.28,0.49,0.008,0.009,0.028,0.9,0.56,0.08,0.0,0.006,0.009,0.0,200,303
0.1,0.28,0.49,0.008,0.009,0.028,0.9,0.56,0.08,0.0,0.006,0.009,0.0,300,275
0.1,0.28,0.49,0.008,0.009,0.028,0.9,0.56,0.08,0.0,0.006,0.009,0.0,400,264
0.1,0.28,0.49,0.008,0.009,0.028,0.9,0.56,0.08,0.0,0.006,0.009,0.0,450,252
0.12,0.43,0.48,0.014,0.008,0.051,0.96,0.56,0.08,0.0,0.006,0.008,0.0,27,343
0.12,0.43,0.48,0.014,0.008,0.051,0.96,0.56,0.08,0.0,0.006,0.008,0.0,100,326
0.12,0.43,0.48,0.014,0.008,0.051,0.96,0.56,0.08,0.0,0.006,0.008,0.0,200,329
0.12,0.43,0.48,0.014,0.008,0.051,0.96,0.56,0.08,0.0,0.006,0.008,0.0,300,277
0.12,0.43,0.48,0.014,0.008,0.051,0.96,0.56,0.08,0.0,0.006,0.008,0.0,400,249
0.12,0.43,0.48,0.014,0.008,0.051,0.96,0.56,0.08,0.0,0.006,0.008,0.0,450,253
0.12,0.28,0.44,0.018,0.008,0.03,0.99,0.54,0.08,0.0,0.007,0.01,0.0,27,339
0.12,0.28,0.44,0.018,0.008,0.03,0.99,0.54,0.08,0.0,0.007,0.01,0.0,100,329
0.12,0.28,0.44,0.018,0.008,0.03,0.99,0.54,0.08,0.0,0.007,0.01,0.0,200,315
0.12,0.28,0.44,0.018,0.008,0.03,0.99,0.54,0.08,0.0,0.007,0.01,0.0,300,270
0.12,0.28,0.44,0.018,0.008,0.03,0.99,0.54,0.08,0.0,0.007,0.01,0.0,400,257
0.12,0.28,0.44,0.018,0.008,0.03,0.99,0.54,0.08,0.0,0.007,0.01,0.0,450,256
0.12,0.37,0.45,0.018,0.008,0.035,1.0,0.5,0.06,0.0,0.009,0.0088,0.0,27,251
0.12,0.37,0.45,0.018,0.008,0.035,1.0,0.5,0.06,0.0,0.009,0.0088,0.0,100,240
0.12,0.37,0.45,0.018,0.008,0.035,1.0,0.5,0.06,0.0,0.009,0.0088,0.0,200,261
0.12,0.37,0.45,0.018,0.008,0.035,1.0,0.5,0.06,0.0,0.009,0.0088,0.0,300,203
0.12,0.37,0.45,0.018,0.008,0.035,1.0,0.5,0.06,0.0,0.009,0.0088,0.0,400,192
0.12,0.37,0.45,0.018,0.008,0.035,1.0,0.5,0.06,0.0,0.009,0.0088,0.0,450,186
0.12,0.36,0.45,0.018,0.007,0.028,1.0,0.53,0.05,0.0,0.007,0.008,0.0,27,239
0.12,0.36,0.45,0.018,0.007,0.028,1.0,0.53,0.05,0.0,0.007,0.008,0.0,100,229
0.12,0.36,0.45,0.018,0.007,0.028,1.0,0.53,0.05,0.0,0.007,0.008,0.0,200,244
0.12,0.36,0.45,0.018,0.007,0.028,1.0,0.53,0.05,0.0,0.007,0.008,0.0,300,210
0.12,0.36,0.45,0.018,0.007,0.028,1.0,0.53,0.05,0.0,0.007,0.008,0.0,400,174
0.12,0.36,0.45,0.018,0.007,0.028,1.0,0.53,0.05,0.0,0.007,0.008,0.0,450,194
0.1,0.35,0.44,0.02,0.007,0.05,1.01,0.51,0.08,0.0,0.012,0.0082,0.0,27,241
0.1,0.35,0.44,0.02,0.007,0.05,1.01,0.51,0.08,0.0,0.012,0.0082,0.0,100,237
0.1,0.35,0.44,0.02,0.007,0.05,1.01,0.51,0.08,0.0,0.012,0.0082,0.0,200,243
0.1,0.35,0.44,0.02,0.007,0.05,1.01,0.51,0.08,0.0,0.012,0.0082,0.0,300,188
0.1,0.35,0.44,0.02,0.007,0.05,1.01,0.51,0.08,0.0,0.012,0.0082,0.0,400,168
0.1,0.35,0.44,0.02,0.007,0.05,1.01,0.51,0.08,0.0,0.012,0.0082,0.0,450,176
0.09,0.32,0.48,0.02,0.017,0.023,1.05,0.52,0.04,0.0,0.009,0.0089,0.0,27,313
0.09,0.32,0.48,0.02,0.017,0.023,1.05,0.52,0.04,0.0,0.009,0.0089,0.0,100,301
0.09,0.32,0.48,0.02,0.017,0.023,1.05,0.52,0.04,0.0,0.009,0.0089,0.0,200,324
0.09,0.32,0.48,0.02,0.017,0.023,1.05,0.52,0.04,0.0,0.009,0.0089,0.0,300,303
0.09,0.32,0.48,0.02,0.017,0.023,1.05,0.52,0.04,0.0,0.009,0.0089,0.0,400,279
0.09,0.32,0.48,0.02,0.017,0.023,1.05,0.52,0.04,0.0,0.009,0.0089,0.0,450,277
0.1,0.31,0.51,0.022,0.017,0.02,1.03,0.53,0.04,0.0,0.009,0.0076,0.0,27,291
0.1,0.31,0.51,0.022,0.017,0.02,1.03,0.53,0.04,0.0,0.009,0.0076,0.0,100,315
0.1,0.31,0.51,0.022,0.017,0.02,1.03,0.53,0.04,0.0,0.009,0.0076,0.0,200,316
0.1,0.31,0.51,0.022,0.017,0.02,1.03,0.53,0.04,0.0,0.009,0.0076,0.0,300,288
0.1,0.31,0.51,0.022,0.017,0.02,1.03,0.53,0.04,0.0,0.009,0.0076,0.0,400,270
0.1,0.31,0.51,0.022,0.017,0.02,1.03,0.53,0.04,0.0,0.009,0.0076,0.0,450,272
0.1,0.3,0.49,0.02,0.018,0.023,1.04,0.5,0.04,0.0,0.009,0.0089,0.0,27,312
0.1,0.3,0.49,0.02,0.018,0.023,1.04,0.5,0.04,0.0,0.009,0.0089,0.0,100,304
0.1,0.3,0.49,0.02,0.018,0.023,1.04,0.5,0.04,0.0,0.009,0.0089,0.0,200,311
0.1,0.3,0.49,0.02,0.018,0.023,1.04,0.5,0.04,0.0,0.009,0.0089,0.0,300,242
0.1,0.3,0.49,0.02,0.018,0.023,1.04,0.5,0.04,0.0,0.009,0.0089,0.0,400,291
0.1,0.3,0.49,0.02,0.018,0.023,1.04,0.5,0.04,0.0,0.009,0.0089,0.0,450,280
0.2,0.31,0.59,0.018,0.009,0.0,0.046,0.011,0.05,0.0,0.006,0.0056,0.0,27,280
0.2,0.31,0.59,0.018,0.009,0.0,0.046,0.011,0.05,0.0,0.006,0.0056,0.0,100,270
0.2,0.31,0.59,0.018,0.009,0.0,0.046,0.011,0.05,0.0,0.006,0.0056,0.0,200,272
0.2,0.31,0.59,0.018,0.009,0.0,0.046,0.011,0.05,0.0,0.006,0.0056,0.0,300,197
0.2,0.31,0.59,0.018,0.009,0.0,0.046,0.011,0.05,0.0,0.006,0.0056,0.0,350,185
0.2,0.31,0.59,0.018,0.009,0.0,0.046,0.011,0.05,0.0,0.006,0.0056,0.0,400,177
0.2,0.31,0.59,0.018,0.009,0.0,0.046,0.011,0.05,0.0,0.006,0.0056,0.0,450,176
0.2,0.28,0.6,0.018,0.008,0.0,0.045,0.01,0.05,0.0,0.005,0.0066,0.0,27,290
0.2,0.28,0.6,0.018,0.008,0.0,0.045,0.01,0.05,0.0,0.005,0.0066,0.0,100,278
0.2,0.28,0.6,0.018,0.008,0.0,0.045,0.01,0.05,0.0,0.005,0.0066,0.0,200,277
0.2,0.28,0.6,0.018,0.008,0.0,0.045,0.01,0.05,0.0,0.005,0.0066,0.0,300,187
0.2,0.28,0.6,0.018,0.008,0.0,0.045,0.01,0.05,0.0,0.005,0.0066,0.0,350,188
0.2,0.28,0.6,0.018,0.008,0.0,0.045,0.01,0.05,0.0,0.005,0.0066,0.0,400,166
0.2,0.28,0.6,0.018,0.008,0.0,0.045,0.01,0.05,0.0,0.005,0.0066,0.0,450,171
0.2,0.29,0.55,0.021,0.009,0.0,0.054,0.012,0.05,0.0,0.004,0.0058,0.0,27,285
0.2,0.29,0.55,0.021,0.009,0.0,0.054,0.012,0.05,0.0,0.004,0.0058,0.0,100,271
0.2,0.29,0.55,0.021,0.009,0.0,0.054,0.012,0.05,0.0,0.004,0.0058,0.0,200,267
0.2,0.29,0.55,0.021,0.009,0.0,0.054,0.012,0.05,0.0,0.004,0.0058,0.0,300,187
0.2,0.29,0.55,0.021,0.009,0.0,0.054,0.012,0.05,0.0,0.004,0.0058,0.0,350,184
0.2,0.29,0.55,0.021,0.009,0.0,0.054,0.012,0.05,0.0,0.004,0.0058,0.0,400,172
0.2,0.29,0.55,0.021,0.009,0.0,0.054,0.012,0.05,0.0,0.004,0.0058,0.0,450,179
0.21,0.21,0.62,0.014,0.014,0.0,0.046,0.019,0.05,0.0,0.008,0.003,0.0,27,315
0.21,0.21,0.62,0.014,0.014,0.0,0.046,0.019,0.05,0.0,0.008,0.003,0.0,100,276
0.21,0.21,0.62,0.014,0.014,0.0,0.046,0.019,0.05,0.0,0.008,0.003,0.0,200,280
0.21,0.21,0.62,0.014,0.014,0.0,0.046,0.019,0.05,0.0,0.008,0.003,0.0,300,202
0.21,0.21,0.62,0.014,0.014,0.0,0.046,0.019,0.05,0.0,0.008,0.003,0.0,350,197
0.21,0.21,0.62,0.014,0.014,0.0,0.046,0.019,0.05,0.0,0.008,0.003,0.0,400,198
0.21,0.21,0.62,0.014,0.014,0.0,0.046,0.019,0.05,0.0,0.008,0.003,0.0,450,172
0.24,0.24,0.64,0.015,0.013,0.0,0.074,0.019,0.05,0.0,0.011,0.006,0.0,27,300
0.24,0.24,0.64,0.015,0.013,0.0,0.074,0.019,0.05,0.0,0.011,0.006,0.0,100,291
0.24,0.24,0.64,0.015,0.013,0.0,0.074,0.019,0.05,0.0,0.011,0.006,0.0,200,293
0.24,0.24,0.64,0.015,0.013,0.0,0.074,0.019,0.05,0.0,0.011,0.006,0.0,300,231
0.24,0.24,0.64,0.015,0.013,0.0,0.074,0.019,0.05,0.0,0.011,0.006,0.0,350,231
0.24,0.24,0.64,0.015,0.013,0.0,0.074,0.019,0.05,0.0,0.011,0.006,0.0,400,230
0.24,0.24,0.64,0.015,0.013,0.0,0.074,0.019,0.05,0.0,0.011,0.006,0.0,450,206
0.2,0.2,0.47,0.007,0.009,0.0,0.056,0.01,0.07,0.0,0.005,0.011,0.0,27,290
0.2,0.2,0.47,0.007,0.009,0.0,0.056,0.01,0.07,0.0,0.005,0.011,0.0,100,297
0.2,0.2,0.47,0.007,0.009,0.0,0.056,0.01,0.07,0.0,0.005,0.011,0.0,200,291
0.2,0.2,0.47,0.007,0.009,0.0,0.056,0.01,0.07,0.0,0.005,0.011,0.0,300,189
0.2,0.2,0.47,0.007,0.009,0.0,0.056,0.01,0.07,0.0,0.005,0.011,0.0,350,187
0.2,0.2,0.47,0.007,0.009,0.0,0.056,0.01,0.07,0.0,0.005,0.011,0.0,400,193
0.2,0.2,0.47,0.007,0.009,0.0,0.056,0.01,0.07,0.0,0.005,0.011,0.0,450,181
0.21,0.32,0.48,0.02,0.018,0.0,0.017,0.006,0.08,0.0,0.004,0.0044,0.0,27,275
0.21,0.32,0.48,0.02,0.018,0.0,0.017,0.006,0.08,0.0,0.004,0.0044,0.0,100,260
0.21,0.32,0.48,0.02,0.018,0.0,0.017,0.006,0.08,0.0,0.004,0.0044,0.0,200,260
0.21,0.32,0.48,0.02,0.018,0.0,0.017,0.006,0.08,0.0,0.004,0.0044,0.0,300,197
0.21,0.32,0.48,0.02,0.018,0.0,0.017,0.006,0.08,0.0,0.004,0.0044,0.0,350,188
0.21,0.32,0.48,0.02,0.018,0.0,0.017,0.006,0.08,0.0,0.004,0.0044,0.0,400,190
0.21,0.32,0.48,0.02,0.018,0.0,0.017,0.006,0.08,0.0,0.004,0.0044,0.0,450,187
0.2,0.31,0.5,0.022,0.017,0.0,0.017,0.006,0.09,0.0,0.004,0.0037,0.0,27,270
0.2,0.31,0.5,0.022,0.017,0.0,0.017,0.006,0.09,0.0,0.004,0.0037,0.0,100,244
0.2,0.31,0.5,0.022,0.017,0.0,0.017,0.006,0.09,0.0,0.004,0.0037,0.0,200,240
0.2,0.31,0.5,0.022,0.017,0.0,0.017,0.006,0.09,0.0,0.004,0.0037,0.0,300,202
0.2,0.31,0.5,0.022,0.017,0.0,0.017,0.006,0.09,0.0,0.004,0.0037,0.0,350,195
0.2,0.31,0.5,0.022,0.017,0.0,0.017,0.006,0.09,0.0,0.004,0.0037,0.0,400,197
0.2,0.31,0.5,0.022,0.017,0.0,0.017,0.006,0.09,0.0,0.004,0.0037,0.0,450,178
0.23,0.32,0.53,0.023,0.016,0.0,0.022,0.005,0.07,0.0,0.005,0.0051,0.0,27,285
0.23,0.32,0.53,0.023,0.016,0.0,0.022,0.005,0.07,0.0,0.005,0.0051,0.0,100,267
0.23,0.32,0.53,0.023,0.016,0.0,0.022,0.005,0.07,0.0,0.005,0.0051,0.0,200,251
0.23,0.32,0.53,0.023,0.016,0.0,0.022,0.005,0.07,0.0,0.005,0.0051,0.0,300,183
0.23,0.32,0.53,0.023,0.016,0.0,0.022,0.005,0.07,0.0,0.005,0.0051,0.0,350,190
0.23,0.32,0.53,0.023,0.016,0.0,0.022,0.005,0.07,0.0,0.005,0.0051,0.0,400,200
0.23,0.32,0.53,0.023,0.016,0.0,0.022,0.005,0.07,0.0,0.005,0.0051,0.0,450,202
0.11,0.3,0.48,0.012,0.01,0.0,0.0,0.51,0.0,0.0,0.005,0.0078,0.0,27,265
0.11,0.3,0.48,0.012,0.01,0.0,0.0,0.51,0.0,0.0,0.005,0.0078,0.0,100,260
0.11,0.3,0.48,0.012,0.01,0.0,0.0,0.51,0.0,0.0,0.005,0.0078,0.0,200,247
0.11,0.3,0.48,0.012,0.01,0.0,0.0,0.51,0.0,0.0,0.005,0.0078,0.0,300,198
0.11,0.3,0.48,0.012,0.01,0.0,0.0,0.51,0.0,0.0,0.005,0.0078,0.0,400,195
0.11,0.3,0.48,0.012,0.01,0.0,0.0,0.51,0.0,0.0,0.005,0.0078,0.0,450,181
0.12,0.25,0.5,0.012,0.01,0.0,0.0,0.5,0.0,0.0,0.005,0.0068,0.0,27,270
0.12,0.25,0.5,0.012,0.01,0.0,0.0,0.5,0.0,0.0,0.005,0.0068,0.0,100,260
0.12,0.25,0.5,0.012,0.01,0.0,0.0,0.5,0.0,0.0,0.005,0.0068,0.0,200,260
0.12,0.25,0.5,0.012,0.01,0.0,0.0,0.5,0.0,0.0,0.005,0.0068,0.0,300,185
0.12,0.25,0.5,0.012,0.01,0.0,0.0,0.5,0.0,0.0,0.005,0.0068,0.0,400,204
0.12,0.25,0.5,0.012,0.01,0.0,0.0,0.5,0.0,0.0,0.005,0.0068,0.0,450,222
0.13,0.31,0.48,0.006,0.007,0.0,0.0,0.49,0.0,0.0,0.005,0.006,0.0,27,260
0.13,0.31,0.48,0.006,0.007,0.0,0.0,0.49,0.0,0.0,0.005,0.006,0.0,100,248
0.13,0.31,0.48,0.006,0.007,0.0,0.0,0.49,0.0,0.0,0.005,0.006,0.0,200,254
0.13,0.31,0.48,0.006,0.007,0.0,0.0,0.49,0.0,0.0,0.005,0.006,0.0,300,177
0.13,0.31,0.48,0.006,0.007,0.0,0.0,0.49,0.0,0.0,0.005,0.006,0.0,400,173
0.13,0.31,0.48,0.006,0.007,0.0,0.0,0.49,0.0,0.0,0.005,0.006,0.0,450,189
0.15,0.22,0.43,0.011,0.022,0.01,0.02,0.5,0.03,0.0,0.004,0.004,0.0,27,280
0.15,0.22,0.43,0.011,0.022,0.01,0.02,0.5,0.03,0.0,0.004,0.004,0.0,100,260
0.15,0.22,0.43,0.011,0.022,0.01,0.02,0.5,0.03,0.0,0.004,0.004,0.0,200,273
0.15,0.22,0.43,0.011,0.022,0.01,0.02,0.5,0.03,0.0,0.004,0.004,0.0,300,178
0.15,0.22,0.43,0.011,0.022,0.01,0.02,0.5,0.03,0.0,0.004,0.004,0.0,400,181
0.15,0.22,0.43,0.011,0.022,0.01,0.02,0.5,0.03,0.0,0.004,0.004,0.0,450,175
0.14,0.22,0.46,0.012,0.012,0.01,0.03,0.5,0.03,0.0,0.006,0.006,0.0,27,280
0.14,0.22,0.46,0.012,0.012,0.01,0.03,0.5,0.03,0.0,0.006,0.006,0.0,100,274
0.14,0.22,0.46,0.012,0.012,0.01,0.03,0.5,0.03,0.0,0.006,0.006,0.0,200,274
0.14,0.22,0.46,0.012,0.012,0.01,0.03,0.5,0.03,0.0,0.006,0.006,0.0,300,218
0.14,0.22,0.46,0.012,0.012,0.01,0.03,0.5,0.03,0.0,0.006,0.006,0.0,400,262
0.14,0.22,0.46,0.012,0.012,0.01,0.03,0.5,0.03,0.0,0.006,0.006,0.0,450,200
0.15,0.25,0.58,0.008,0.01,0.05,0.11,0.52,0.04,0.0,0.007,0.011,0.0,27,290
0.15,0.25,0.58,0.008,0.01,0.05,0.11,0.52,0.04,0.0,0.007,0.011,0.0,100,267
0.15,0.25,0.58,0.008,0.01,0.05,0.11,0.52,0.04,0.0,0.007,0.011,0.0,200,260
0.15,0.25,0.58,0.008,0.01,0.05,0.11,0.52,0.04,0.0,0.007,0.011,0.0,300,203
0.15,0.25,0.58,0.008,0.01,0.05,0.11,0.52,0.04,0.0,0.007,0.011,0.0,400,182
0.15,0.25,0.58,0.008,0.01,0.05,0.11,0.52,0.04,0.0,0.007,0.011,0.0,450,192
0.2,0.28,0.59,0.012,0.01,0.02,0.02,0.54,0.07,0.0,0.003,0.0054,0.0,27,310
0.2,0.28,0.59,0.012,0.01,0.02,0.02,0.54,0.07,0.0,0.003,0.0054,0.0,100,308
0.2,0.28,0.59,0.012,0.01,0.02,0.02,0.54,0.07,0.0,0.003,0.0054,0.0,200,317
0.2,0.28,0.59,0.012,0.01,0.02,0.02,0.54,0.07,0.0,0.003,0.0054,0.0,300,278
0.2,0.28,0.59,0.012,0.01,0.02,0.02,0.54,0.07,0.0,0.003,0.0054,0.0,400,252
0.2,0.28,0.59,0.012,0.01,0.02,0.02,0.54,0.07,0.0,0.003,0.0054,0.0,450,249
0.17,0.3,0.63,0.012,0.012,0.04,0.09,0.52,0.1,0.0,0.003,0.007,0.0,27,320
0.17,0.3,0.63,0.012,0.012,0.04,0.09,0.52,0.1,0.0,0.003,0.007,0.0,100,304
0.17,0.3,0.63,0.012,0.012,0.04,0.09,0.52,0.1,0.0,0.003,0.007,0.0,200,310
0.17,0.3,0.63,0.012,0.012,0.04,0.09,0.52,0.1,0.0,0.003,0.007,0.0,300,275
0.17,0.3,0.63,0.012,0.012,0.04,0.09,0.52,0.1,0.0,0.003,0.007,0.0,400,238
0.17,0.3,0.63,0.012,0.012,0.04,0.09,0.52,0.1,0.0,0.003,0.007,0.0,450,249
0.13,0.23,0.66,0.01,0.01,0.08,0.06,0.51,0.13,0.0,0.004,0.0057,0.0,27,300
0.13,0.23,0.66,0.01,0.01,0.08,0.06,0.51,0.13,0.0,0.004,0.0057,0.0,100,408
0.13,0.23,0.66,0.01,0.01,0.08,0.06,0.51,0.13,0.0,0.004,0.0057,0.0,200,314
0.13,0.23,0.66,0.01,0.01,0.08,0.06,0.51,0.13,0.0,0.004,0.0057,0.0,300,263
0.13,0.23,0.66,0.01,0.01,0.08,0.06,0.51,0.13,0.0,0.004,0.0057,0.0,400,237
0.13,0.23,0.66,0.01,0.01,0.08,0.06,0.51,0.13,0.0,0.004,0.0057,0.0,450,261
0.14,0.39,0.63,0.008,0.005,0.0,0.0,0.58,0.03,0.0,0.004,0.006,0.0,27,420
0.14,0.39,0.63,0.008,0.005,0.0,0.0,0.58,0.03,0.0,0.004,0.006,0.0,100,324
0.14,0.39,0.63,0.008,0.005,0.0,0.0,0.58,0.03,0.0,0.004,0.006,0.0,200,412
0.14,0.39,0.63,0.008,0.005,0.0,0.0,0.58,0.03,0.0,0.004,0.006,0.0,300,364
0.14,0.39,0.63,0.008,0.005,0.0,0.0,0.58,0.03,0.0,0.004,0.006,0.0,400,367
0.14,0.39,0.63,0.008,0.005,0.0,0.0,0.58,0.03,0.0,0.004,0.006,0.0,450,320
0.14,0.4,0.67,0.007,0.004,0.0,0.0,0.6,0.03,0.0,0.004,0.007,0.0,27,395
0.14,0.4,0.67,0.007,0.004,0.0,0.0,0.6,0.03,0.0,0.004,0.007,0.0,100,380
0.14,0.4,0.67,0.007,0.004,0.0,0.0,0.6,0.03,0.0,0.004,0.007,0.0,200,391
0.14,0.4,0.67,0.007,0.004,0.0,0.0,0.6,0.03,0.0,0.004,0.007,0.0,300,378
0.14,0.4,0.67,0.007,0.004,0.0,0.0,0.6,0.03,0.0,0.004,0.007,0.0,400,330
0.14,0.4,0.67,0.007,0.004,0.0,0.0,0.6,0.03,0.0,0.004,0.007,0.0,450,328
0.14,0.39,0.64,0.006,0.005,0.0,0.0,0.58,0.03,0.0,0.005,0.008,0.0,27,380
0.14,0.39,0.64,0.006,0.005,0.0,0.0,0.58,0.03,0.0,0.005,0.008,0.0,100,371
0.14,0.39,0.64,0.006,0.005,0.0,0.0,0.58,0.03,0.0,0.005,0.008,0.0,200,367
0.14,0.39,0.64,0.006,0.005,0.0,0.0,0.58,0.03,0.0,0.005,0.008,0.0,300,330
0.14,0.39,0.64,0.006,0.005,0.0,0.0,0.58,0.03,0.0,0.005,0.008,0.0,400,323
0.14,0.39,0.64,0.006,0.005,0.0,0.0,0.58,0.03,0.0,0.005,0.008,0.0,450,323
0.28,0.3,0.7,0.022,0.011,0.14,0.07,0.02,0.22,0.0,0.004,0.0097,0.0,27,300
0.28,0.3,0.7,0.022,0.011,0.14,0.07,0.02,0.22,0.0,0.004,0.0097,0.0,100,284
0.28,0.3,0.7,0.022,0.011,0.14,0.07,0.02,0.22,0.0,0.004,0.0097,0.0,200,228
0.28,0.3,0.7,0.022,0.011,0.14,0.07,0.02,0.22,0.0,0.004,0.0097,0.0,300,223
0.28,0.3,0.7,0.022,0.011,0.14,0.07,0.02,0.22,0.0,0.004,0.0097,0.0,350,214
0.28,0.3,0.7,0.022,0.011,0.14,0.07,0.02,0.22,0.0,0.004,0.0097,0.0,400,199
0.28,0.3,0.7,0.022,0.011,0.14,0.07,0.02,0.22,0.0,0.004,0.0097,0.0,450,172
0.2,0.22,0.68,0.024,0.009,0.15,0.11,0.03,0.23,0.0,0.01,0.0077,0.0,27,275
0.2,0.22,0.68,0.024,0.009,0.15,0.11,0.03,0.23,0.0,0.01,0.0077,0.0,100,258
0.2,0.22,0.68,0.024,0.009,0.15,0.11,0.03,0.23,0.0,0.01,0.0077,0.0,200,243
0.2,0.22,0.68,0.024,0.009,0.15,0.11,0.03,0.23,0.0,0.01,0.0077,0.0,300,201
0.2,0.22,0.68,0.024,0.009,0.15,0.11,0.03,0.23,0.0,0.01,0.0077,0.0,350,194
0.2,0.22,0.68,0.024,0.009,0.15,0.11,0.03,0.23,0.0,0.01,0.0077,0.0,400,186
0.2,0.22,0.68,0.024,0.009,0.15,0.11,0.03,0.23,0.0,0.01,0.0077,0.0,450,183
0.34,0.22,0.7,0.016,0.012,0.14,0.1,0.03,0.2,0.0,0.002,0.0107,0.0,27,290
0.34,0.22,0.7,0.016,0.012,0.14,0.1,0.03,0.2,0.0,0.002,0.0107,0.0,100,266
0.34,0.22,0.7,0.016,0.012,0.14,0.1,0.03,0.2,0.0,0.002,0.0107,0.0,200,224
0.34,0.22,0.7,0.016,0.012,0.14,0.1,0.03,0.2,0.0,0.002,0.0107,0.0,300,194
0.34,0.22,0.7,0.016,0.012,0.14,0.1,0.03,0.2,0.0,0.002,0.0107,0.0,350,198
0.34,0.22,0.7,0.016,0.012,0.14,0.1,0.03,0.2,0.0,0.002,0.0107,0.0,400,194
0.34,0.22,0.7,0.016,0.012,0.14,0.1,0.03,0.2,0.0,0.002,0.0107,0.0,450,179
0.28,0.19,0.8,0.01,0.012,0.0,0.06,0.22,0.04,0.0,0.016,0.0073,0.0,27,275
0.28,0.19,0.8,0.01,0.012,0.0,0.06,0.22,0.04,0.0,0.016,0.0073,0.0,100,258
0.28,0.19,0.8,0.01,0.012,0.0,0.06,0.22,0.04,0.0,0.016,0.0073,0.0,200,228
0.28,0.19,0.8,0.01,0.012,0.0,0.06,0.22,0.04,0.0,0.016,0.0073,0.0,300,186
0.28,0.19,0.8,0.01,0.012,0.0,0.06,0.22,0.04,0.0,0.016,0.0073,0.0,350,179
0.28,0.19,0.8,0.01,0.012,0.0,0.06,0.22,0.04,0.0,0.016,0.0073,0.0,400,183
0.28,0.19,0.8,0.01,0.012,0.0,0.06,0.22,0.04,0.0,0.016,0.0073,0.0,450,183
0.29,0.2,0.93,0.014,0.015,0.03,0.03,0.36,0.06,0.0,0.018,0.0045,0.0,27,310
0.29,0.2,0.93,0.014,0.015,0.03,0.03,0.36,0.06,0.0,0.018,0.0045,0.0,100,300
0.29,0.2,0.93,0.014,0.015,0.03,0.03,0.36,0.06,0.0,0.018,0.0045,0.0,200,254
0.29,0.2,0.93,0.014,0.015,0.03,0.03,0.36,0.06,0.0,0.018,0.0045,0.0,300,235
0.29,0.2,0.93,0.014,0.015,0.03,0.03,0.36,0.06,0.0,0.018,0.0045,0.0,350,221
0.29,0.2,0.93,0.014,0.015,0.03,0.03,0.36,0.06,0.0,0.018,0.0045,0.0,400,213
0.29,0.2,0.93,0.014,0.015,0.03,0.03,0.36,0.06,0.0,0.018,0.0045,0.0,450,226
0.29,0.22,1.0,0.016,0.011,0.05,0.07,0.34,0.05,0.0,0.011,0.0035,0.0,27,305
0.29,0.22,1.0,0.016,0.011,0.05,0.07,0.34,0.05,0.0,0.011,0.0035,0.0,100,270
0.29,0.22,1.0,0.016,0.011,0.05,0.07,0.34,0.05,0.0,0.011,0.0035,0.0,200,259
0.29,0.22,1.0,0.016,0.011,0.05,0.07,0.34,0.05,0.0,0.011,0.0035,0.0,300,226
0.29,0.22,1.0,0.016,0.011,0.05,0.07,0.34,0.05,0.0,0.011,0.0035,0.0,350,214
0.29,0.22,1.0,0.016,0.011,0.05,0.07,0.34,0.05,0.0,0.011,0.0035,0.0,400,213
0.29,0.22,1.0,0.016,0.011,0.05,0.07,0.34,0.05,0.0,0.011,0.0035,0.0,450,202
0.22,0.22,0.82,0.015,0.006,0.05,0.06,0.18,0.08,0.0,0.005,0.0082,0.0,27,295
0.22,0.22,0.82,0.015,0.006,0.05,0.06,0.18,0.08,0.0,0.005,0.0082,0.0,100,289
0.22,0.22,0.82,0.015,0.006,0.05,0.06,0.18,0.08,0.0,0.005,0.0082,0.0,200,274
0.22,0.22,0.82,0.015,0.006,0.05,0.06,0.18,0.08,0.0,0.005,0.0082,0.0,300,223
0.22,0.22,0.82,0.015,0.006,0.05,0.06,0.18,0.08,0.0,0.005,0.0082,0.0,350,207
0.22,0.22,0.82,0.015,0.006,0.05,0.06,0.18,0.08,0.0,0.005,0.0082,0.0,400,194
0.22,0.22,0.82,0.015,0.006,0.05,0.06,0.18,0.08,0.0,0.005,0.0082,0.0,450,198
0.26,0.23,0.74,0.016,0.006,0.05,0.04,0.15,0.07,0.0,0.007,0.0108,0.0,27,270
0.26,0.23,0.74,0.016,0.006,0.05,0.04,0.15,0.07,0.0,0.007,0.0108,0.0,100,262
0.26,0.23,0.74,0.016,0.006,0.05,0.04,0.15,0.07,0.0,0.007,0.0108,0.0,200,224
0.26,0.23,0.74,0.016,0.006,0.05,0.04,0.15,0.07,0.0,0.007,0.0108,0.0,300,199
0.26,0.23,0.74,0.016,0.006,0.05,0.04,0.15,0.07,0.0,0.007,0.0108,0.0,350,205
0.26,0.23,0.74,0.016,0.006,0.05,0.04,0.15,0.07,0.0,0.007,0.0108,0.0,400,186
0.26,0.23,0.74,0.016,0.006,0.05,0.04,0.15,0.07,0.0,0.007,0.0108,0.0,450,168
0.28,0.2,0.72,0.015,0.012,0.32,1.02,1.12,0.2,0.27,0.002,0.0075,0.0,27,655
0.28,0.2,0.72,0.015,0.012,0.32,1.02,1.12,0.2,0.27,0.002,0.0075,0.0,100,621
0.28,0.2,0.72,0.015,0.012,0.32,1.02,1.12,0.2,0.27,0.002,0.0075,0.0,200,591
0.28,0.2,0.72,0.015,0.012,0.32,1.02,1.12,0.2,0.27,0.002,0.0075,0.0,300,580
0.28,0.2,0.72,0.015,0.012,0.32,1.02,1.12,0.2,0.27,0.002,0.0075,0.0,400,538
0.28,0.2,0.72,0.015,0.012,0.32,1.02,1.12,0.2,0.27,0.002,0.0075,0.0,450,514
0.28,0.18,0.75,0.012,0.009,0.32,1.0,1.25,0.14,0.27,0.002,0.009,0.0,27,665
0.28,0.18,0.75,0.012,0.009,0.32,1.0,1.25,0.14,0.27,0.002,0.009,0.0,100,617
0.28,0.18,0.75,0.012,0.009,0.32,1.0,1.25,0.14,0.27,0.002,0.009,0.0,200,602
0.28,0.18,0.75,0.012,0.009,0.32,1.0,1.25,0.14,0.27,0.002,0.009,0.0,300,566
0.28,0.18,0.75,0.012,0.009,0.32,1.0,1.25,0.14,0.27,0.002,0.009,0.0,400,561
0.28,0.18,0.75,0.012,0.009,0.32,1.0,1.25,0.14,0.27,0.002,0.009,0.0,450,517
0.29,0.2,0.75,0.01,0.009,0.34,1.0,1.25,0.14,0.26,0.002,0.0075,0.0,27,690
0.29,0.2,0.75,0.01,0.009,0.34,1.0,1.25,0.14,0.26,0.002,0.0075,0.0,100,662
0.29,0.2,0.75,0.01,0.009,0.34,1.0,1.25,0.14,0.26,0.002,0.0075,0.0,200,624
0.29,0.2,0.75,0.01,0.009,0.34,1.0,1.25,0.14,0.26,0.002,0.0075,0.0,300,602
0.29,0.2,0.75,0.01,0.009,0.34,1.0,1.25,0.14,0.26,0.002,0.0075,0.0,400,553
0.29,0.2,0.75,0.01,0.009,0.34,1.0,1.25,0.14,0.26,0.002,0.0075,0.0,450,544
0.3,0.28,0.72,0.014,0.006,0.35,0.93,1.22,0.16,0.21,0.002,0.0093,0.0,27,645
0.3,0.28,0.72,0.014,0.006,0.35,0.93,1.22,0.16,0.21,0.002,0.0093,0.0,100,613
0.3,0.28,0.72,0.014,0.006,0.35,0.93,1.22,0.16,0.21,0.002,0.0093,0.0,200,596
0.3,0.28,0.72,0.014,0.006,0.35,0.93,1.22,0.16,0.21,0.002,0.0093,0.0,300,569
0.3,0.28,0.72,0.014,0.006,0.35,0.93,1.22,0.16,0.21,0.002,0.0093,0.0,400,538
0.3,0.28,0.72,0.014,0.006,0.35,0.93,1.22,0.16,0.21,0.002,0.0093,0.0,450,522
0.3,0.26,0.79,0.016,0.015,0.32,1.03,1.13,0.19,0.23,0.002,0.0085,0.0,27,620
0.3,0.26,0.79,0.016,0.015,0.32,1.03,1.13,0.19,0.23,0.002,0.0085,0.0,100,585
0.3,0.26,0.79,0.016,0.015,0.32,1.03,1.13,0.19,0.23,0.002,0.0085,0.0,200,572
0.3,0.26,0.79,0.016,0.015,0.32,1.03,1.13,0.19,0.23,0.002,0.0085,0.0,300,562
0.3,0.26,0.79,0.016,0.015,0.32,1.03,1.13,0.19,0.23,0.002,0.0085,0.0,400,526
0.3,0.26,0.79,0.016,0.015,0.32,1.03,1.13,0.19,0.23,0.002,0.0085,0.0,450,501
0.29,0.26,0.76,0.009,0.007,0.45,1.12,1.18,0.07,0.23,0.003,0.0103,0.0,27,685
0.29,0.26,0.76,0.009,0.007,0.45,1.12,1.18,0.07,0.23,0.003,0.0103,0.0,100,642
0.29,0.26,0.76,0.009,0.007,0.45,1.12,1.18,0.07,0.23,0.003,0.0103,0.0,200,618
0.29,0.26,0.76,0.009,0.007,0.45,1.12,1.18,0.07,0.23,0.003,0.0103,0.0,300,596
0.29,0.26,0.76,0.009,0.007,0.45,1.12,1.18,0.07,0.23,0.003,0.0103,0.0,400,569
0.29,0.26,0.76,0.009,0.007,0.45,1.12,1.18,0.07,0.23,0.003,0.0103,0.0,450,545
0.29,0.26,0.77,0.009,0.007,0.46,1.12,1.2,0.08,0.23,0.004,0.0095,0.0,27,660
0.29,0.26,0.77,0.009,0.007,0.46,1.12,1.2,0.08,0.23,0.004,0.0095,0.0,100,622
0.29,0.26,0.77,0.009,0.007,0.46,1.12,1.2,0.08,0.23,0.004,0.0095,0.0,200,599
0.29,0.26,0.77,0.009,0.007,0.46,1.12,1.2,0.08,0.23,0.004,0.0095,0.0,300,579
0.29,0.26,0.77,0.009,0.007,0.46,1.12,1.2,0.08,0.23,0.004,0.0095,0.0,400,560
0.29,0.26,0.77,0.009,0.007,0.46,1.12,1.2,0.08,0.23,0.004,0.0095,0.0,450,522
0.29,0.21,0.66,0.01,0.008,0.51,1.07,1.29,0.06,0.23,0.005,0.0097,0.0,27,640
0.29,0.21,0.66,0.01,0.008,0.51,1.07,1.29,0.06,0.23,0.005,0.0097,0.0,100,601
0.29,0.21,0.66,0.01,0.008,0.51,1.07,1.29,0.06,0.23,0.005,0.0097,0.0,200,577
0.29,0.21,0.66,0.01,0.008,0.51,1.07,1.29,0.06,0.23,0.005,0.0097,0.0,300,560
0.29,0.21,0.66,0.01,0.008,0.51,1.07,1.29,0.06,0.23,0.005,0.0097,0.0,400,534
0.29,0.21,0.66,0.01,0.008,0.51,1.07,1.29,0.06,0.23,0.005,0.0097,0.0,450,508
0.3,0.27,0.7,0.012,0.012,0.44,1.1,1.35,0.11,0.27,0.003,0.0082,0.0,27,655
0.3,0.27,0.7,0.012,0.012,0.44,1.1,1.35,0.11,0.27,0.003,0.0082,0.0,100,634
0.3,0.27,0.7,0.012,0.012,0.44,1.1,1.35,0.11,0.27,0.003,0.0082,0.0,200,598
0.3,0.27,0.7,0.012,0.012,0.44,1.1,1.35,0.11,0.27,0.003,0.0082,0.0,300,585
0.3,0.27,0.7,0.012,0.012,0.44,1.1,1.35,0.11,0.27,0.003,0.0082,0.0,400,545
0.3,0.27,0.7,0.012,0.012,0.44,1.1,1.35,0.11,0.27,0.003,0.0082,0.0,450,522
0.18,0.26,1.33,0.015,0.008,0.55,0.11,0.49,0.11,0.0,0.028,0.006,0.0,27,425
0.18,0.26,1.33,0.015,0.008,0.55,0.11,0.49,0.11,0.0,0.028,0.006,0.0,100,393
0.18,0.26,1.33,0.015,0.008,0.55,0.11,0.49,0.11,0.0,0.028,0.006,0.0,200,419
0.18,0.26,1.33,0.015,0.008,0.55,0.11,0.49,0.11,0.0,0.028,0.006,0.0,300,395
0.18,0.26,1.33,0.015,0.008,0.55,0.11,0.49,0.11,0.0,0.028,0.006,0.0,350,399
0.18,0.26,1.33,0.015,0.008,0.55,0.11,0.49,0.11,0.0,0.028,0.006,0.0,400,367
0.18,0.26,1.33,0.015,0.008,0.55,0.11,0.49,0.11,0.0,0.028,0.006,0.0,450,352
0.17,0.23,1.34,0.014,0.009,0.57,0.16,0.49,0.11,0.0,0.038,0.007,0.0,27,455
0.17,0.23,1.34,0.014,0.009,0.57,0.16,0.49,0.11,0.0,0.038,0.007,0.0,100,427
0.17,0.23,1.34,0.014,0.009,0.57,0.16,0.49,0.11,0.0,0.038,0.007,0.0,200,436
0.17,0.23,1.34,0.014,0.009,0.57,0.16,0.49,0.11,0.0,0.038,0.007,0.0,300,435
0.17,0.23,1.34,0.014,0.009,0.57,0.16,0.49,0.11,0.0,0.038,0.007,0.0,350,405
0.17,0.23,1.34,0.014,0.009,0.57,0.16,0.49,0.11,0.0,0.038,0.007,0.0,400,366
0.17,0.23,1.34,0.014,0.009,0.57,0.16,0.49,0.11,0.0,0.038,0.007,0.0,450,367
0.17,0.33,1.37,0.016,0.014,0.6,0.08,0.53,0.24,0.0,0.008,0.0071,0.0,27,440
0.17,0.33,1.37,0.016,0.014,0.6,0.08,0.53,0.24,0.0,0.008,0.0071,0.0,100,421
0.17,0.33,1.37,0.016,0.014,0.6,0.08,0.53,0.24,0.0,0.008,0.0071,0.0,200,404
0.17,0.33,1.37,0.016,0.014,0.6,0.08,0.53,0.24,0.0,0.008,0.0071,0.0,300,400
0.17,0.33,1.37,0.016,0.014,0.6,0.08,0.53,0.24,0.0,0.008,0.0071,0.0,350,404
0.17,0.33,1.37,0.016,0.014,0.6,0.08,0.53,0.24,0.0,0.008,0.0071,0.0,400,378
0.17,0.33,1.37,0.016,0.014,0.6,0.08,0.53,0.24,0.0,0.008,0.0071,0.0,450,366
0.17,0.35,1.44,0.015,0.01,0.58,0.08,0.5,0.23,0.0,0.006,0.0079,0.0,27,420
0.17,0.35,1.44,0.015,0.01,0.58,0.08,0.5,0.23,0.0,0.006,0.0079,0.0,100,411
0.17,0.35,1.44,0.015,0.01,0.58,0.08,0.5,0.23,0.0,0.006,0.0079,0.0,200,381
0.17,0.35,1.44,0.015,0.01,0.58,0.08,0.5,0.23,0.0,0.006,0.0079,0.0,300,381
0.17,0.35,1.44,0.015,0.01,0.58,0.08,0.5,0.23,0.0,0.006,0.0079,0.0,350,357
0.17,0.35,1.44,0.015,0.01,0.58,0.08,0.5,0.23,0.0,0.006,0.0079,0.0,400,352
0.17,0.35,1.44,0.015,0.01,0.58,0.08,0.5,0.23,0.0,0.006,0.0079,0.0,450,336
0.19,0.33,1.41,0.014,0.006,0.58,0.1,0.53,0.25,0.0,0.008,0.0077,0.0,27,435
0.19,0.33,1.41,0.014,0.006,0.58,0.1,0.53,0.25,0.0,0.008,0.0077,0.0,100,414
0.19,0.33,1.41,0.014,0.006,0.58,0.1,0.53,0.25,0.0,0.008,0.0077,0.0,200,395
0.19,0.33,1.41,0.014,0.006,0.58,0.1,0.53,0.25,0.0,0.008,0.0077,0.0,300,396
0.19,0.33,1.41,0.014,0.006,0.58,0.1,0.53,0.25,0.0,0.008,0.0077,0.0,350,370
0.19,0.33,1.41,0.014,0.006,0.58,0.1,0.53,0.25,0.0,0.008,0.0077,0.0,400,363
0.19,0.33,1.41,0.014,0.006,0.58,0.1,0.53,0.25,0.0,0.008,0.0077,0.0,450,335
0.12,0.25,0.48,0.008,0.012,0.04,0.64,0.51,0.04,0.0,0.006,0.013,0.0,27,270
0.12,0.25,0.48,0.008,0.012,0.04,0.64,0.51,0.04,0.0,0.006,0.013,0.0,100,261
0.12,0.25,0.48,0.008,0.012,0.04,0.64,0.51,0.04,0.0,0.006,0.013,0.0,200,261
0.12,0.25,0.48,0.008,0.012,0.04,0.64,0.51,0.04,0.0,0.006,0.013,0.0,300,259
0.12,0.25,0.48,0.008,0.012,0.04,0.64,0.51,0.04,0.0,0.006,0.013,0.0,400,237
0.12,0.25,0.48,0.008,0.012,0.04,0.64,0.51,0.04,0.0,0.006,0.013,0.0,450,228
0.16,0.24,0.49,0.012,0.007,0.035,0.61,0.51,0.04,0.0,0.006,0.0086,0.0,27,275
0.16,0.24,0.49,0.012,0.007,0.035,0.61,0.51,0.04,0.0,0.006,0.0086,0.0,100,260
0.16,0.24,0.49,0.012,0.007,0.035,0.61,0.51,0.04,0.0,0.006,0.0086,0.0,200,256
0.16,0.24,0.49,0.012,0.007,0.035,0.61,0.51,0.04,0.0,0.006,0.0086,0.0,300,192
0.16,0.24,0.49,0.012,0.007,0.035,0.61,0.51,0.04,0.0,0.006,0.0086,0.0,400,191
0.16,0.24,0.49,0.012,0.007,0.035,0.61,0.51,0.04,0.0,0.006,0.0086,0.0,450,180
0.12,0.25,0.43,0.006,0.011,0.03,0.59,0.51,0.03,0.0,0.006,0.015,0.0,27,325
0.12,0.25,0.43,0.006,0.011,0.03,0.59,0.51,0.03,0.0,0.006,0.015,0.0,100,301
0.12,0.25,0.43,0.006,0.011,0.03,0.59,0.51,0.03,0.0,0.006,0.015,0.0,200,284
0.12,0.25,0.43,0.006,0.011,0.03,0.59,0.51,0.03,0.0,0.006,0.015,0.0,300,224
0.12,0.25,0.43,0.006,0.011,0.03,0.59,0.51,0.03,0.0,0.006,0.015,0.0,400,213
0.12,0.25,0.43,0.006,0.011,0.03,0.59,0.51,0.03,0.0,0.006,0.015,0.0,450,199
0.12,0.25,0.44,0.013,0.012,0.05,0.71,0.52,0.06,0.0,0.004,0.0058,0.0,27,255
0.12,0.25,0.44,0.013,0.012,0.05,0.71,0.52,0.06,0.0,0.004,0.0058,0.0,100,276
0.12,0.25,0.44,0.013,0.012,0.05,0.71,0.52,0.06,0.0,0.004,0.0058,0.0,200,258
0.12,0.25,0.44,0.013,0.012,0.05,0.71,0.52,0.06,0.0,0.004,0.0058,0.0,300,260
0.12,0.25,0.44,0.013,0.012,0.05,0.71,0.52,0.06,0.0,0.004,0.0058,0.0,400,226
0.12,0.25,0.44,0.013,0.012,0.05,0.71,0.52,0.06,0.0,0.004,0.0058,0.0,450,228
0.12,0.24,0.47,0.008,0.011,0.04,0.71,0.49,0.06,0.0,0.006,0.013,0.0,27,275
0.12,0.24,0.47,0.008,0.011,0.04,0.71,0.49,0.06,0.0,0.006,0.013,0.0,100,255
0.12,0.24,0.47,0.008,0.011,0.04,0.71,0.49,0.06,0.0,0.006,0.013,0.0,200,270
0.12,0.24,0.47,0.008,0.011,0.04,0.71,0.49,0.06,0.0,0.006,0.013,0.0,300,264
0.12,0.24,0.47,0.008,0.011,0.04,0.71,0.49,0.06,0.0,0.006,0.013,0.0,400,246
0.12,0.24,0.47,0.008,0.011,0.04,0.71,0.49,0.06,0.0,0.006,0.013,0.0,450,229
0.15,0.26,0.45,0.012,0.006,0.033,0.58,0.49,0.04,0.0,0.006,0.0084,0.0,27,260
0.15,0.26,0.45,0.012,0.006,0.033,0.58,0.49,0.04,0.0,0.006,0.0084,0.0,100,261
0.15,0.26,0.45,0.012,0.006,0.033,0.58,0.49,0.04,0.0,0.006,0.0084,0.0,200,260
0.15,0.26,0.45,0.012,0.006,0.033,0.58,0.49,0.04,0.0,0.006,0.0084,0.0,300,192
0.15,0.26,0.45,0.012,0.006,0.033,0.58,0.49,0.04,0.0,0.006,0.0084,0.0,400,174
0.15,0.26,0.45,0.012,0.006,0.033,0.58,0.49,0.04,0.0,0.006,0.0084,0.0,450,178
0.14,0.22,0.45,0.013,0.013,0.06,0.68,0.52,0.06,0.0,0.004,0.0062,0.0,27,250
0.14,0.22,0.45,0.013,0.013,0.06,0.68,0.52,0.06,0.0,0.004,0.0062,0.0,100,249
0.14,0.22,0.45,0.013,0.013,0.06,0.68,0.52,0.06,0.0,0.004,0.0062,0.0,200,251
0.14,0.22,0.45,0.013,0.013,0.06,0.68,0.52,0.06,0.0,0.004,0.0062,0.0,300,226
0.14,0.22,0.45,0.013,0.013,0.06,0.68,0.52,0.06,0.0,0.004,0.0062,0.0,400,254
0.14,0.22,0.45,0.013,0.013,0.06,0.68,0.52,0.06,0.0,0.004,0.0062,0.0,450,223
0.15,0.21,0.42,0.015,0.011,0.06,0.66,0.52,0.07,0.0,0.004,0.0056,0.0,27,255
0.15,0.21,0.42,0.015,0.011,0.06,0.66,0.52,0.07,0.0,0.004,0.0056,0.0,100,221
0.15,0.21,0.42,0.015,0.011,0.06,0.66,0.52,0.07,0.0,0.004,0.0056,0.0,200,248
0.15,0.21,0.42,0.015,0.011,0.06,0.66,0.52,0.07,0.0,0.004,0.0056,0.0,300,223
0.15,0.21,0.42,0.015,0.011,0.06,0.66,0.52,0.07,0.0,0.004,0.0056,0.0,400,213
0.15,0.21,0.42,0.015,0.011,0.06,0.66,0.52,0.07,0.0,0.004,0.0056,0.0,450,202
0.15,0.25,0.45,0.013,0.008,0.032,0.6,0.48,0.04,0.0,0.006,0.0082,0.0,27,265
0.15,0.25,0.45,0.013,0.008,0.032,0.6,0.48,0.04,0.0,0.006,0.0082,0.0,100,260
0.15,0.25,0.45,0.013,0.008,0.032,0.6,0.48,0.04,0.0,0.006,0.0082,0.0,200,254
0.15,0.25,0.45,0.013,0.008,0.032,0.6,0.48,0.04,0.0,0.006,0.0082,0.0,300,202
0.15,0.25,0.45,0.013,0.008,0.032,0.6,0.48,0.04,0.0,0.006,0.0082,0.0,400,180
0.15,0.25,0.45,0.013,0.008,0.032,0.6,0.48,0.04,0.0,0.006,0.0082,0.0,450,183
0.17,0.39,0.6,0.022,0.02,0.11,1.31,1.02,0.11,0.28,0.004,0.0078,0.0,27,575
0.17,0.39,0.6,0.022,0.02,0.11,1.31,1.02,0.11,0.28,0.004,0.0078,0.0,100,532
0.17,0.39,0.6,0.022,0.02,0.11,1.31,1.02,0.11,0.28,0.004,0.0078,0.0,200,478
0.17,0.39,0.6,0.022,0.02,0.11,1.31,1.02,0.11,0.28,0.004,0.0078,0.0,300,499
0.17,0.39,0.6,0.022,0.02,0.11,1.31,1.02,0.11,0.28,0.004,0.0078,0.0,400,456
0.17,0.39,0.6,0.022,0.02,0.11,1.31,1.02,0.11,0.28,0.004,0.0078,0.0,450,437
0.16,0.47,0.62,0.01,0.01,0.19,1.01,0.92,0.15,0.24,0.003,0.0111,0.0,27,535
0.16,0.47,0.62,0.01,0.01,0.19,1.01,0.92,0.15,0.24,0.003,0.0111,0.0,100,521
0.16,0.47,0.62,0.01,0.01,0.19,1.01,0.92,0.15,0.24,0.003,0.0111,0.0,200,487
0.16,0.47,0.62,0.01,0.01,0.19,1.01,0.92,0.15,0.24,0.003,0.0111,0.0,300,491
0.16,0.47,0.62,0.01,0.01,0.19,1.01,0.92,0.15,0.24,0.003,0.0111,0.0,400,469
0.16,0.47,0.62,0.01,0.01,0.19,1.01,0.92,0.15,0.24,0.003,0.0111,0.0,450,449
0.14,0.34,0.73,0.01,0.009,0.13,1.06,0.96,0.08,0.23,0.003,0.0102,0.0,27,570
0.14,0.34,0.73,0.01,0.009,0.13,1.06,0.96,0.08,0.23,0.003,0.0102,0.0,100,570
0.14,0.34,0.73,0.01,0.009,0.13,1.06,0.96,0.08,0.23,0.003,0.0102,0.0,200,536
0.14,0.34,0.73,0.01,0.009,0.13,1.06,0.96,0.08,0.23,0.003,0.0102,0.0,300,506
0.14,0.34,0.73,0.01,0.009,0.13,1.06,0.96,0.08,0.23,0.003,0.0102,0.0,400,487
0.14,0.34,0.73,0.01,0.009,0.13,1.06,0.96,0.08,0.23,0.003,0.0102,0.0,450,462
0.18,0.37,0.66,0.018,0.017,0.1,1.07,1.03,0.12,0.3,0.02,0.0081,0.0,27,545
0.18,0.37,0.66,0.018,0.017,0.1,1.07,1.03,0.12,0.3,0.02,0.0081,0.0,100,584
0.18,0.37,0.66,0.018,0.017,0.1,1.07,1.03,0.12,0.3,0.02,0.0081,0.0,200,572
0.18,0.37,0.66,0.018,0.017,0.1,1.07,1.03,0.12,0.3,0.02,0.0081,0.0,400,482
0.18,0.37,0.66,0.018,0.017,0.1,1.07,1.03,0.12,0.3,0.02,0.0081,0.0,450,471
0.16,0.47,0.62,0.01,0.01,0.19,1.0,0.92,0.15,0.24,0.002,0.0104,0.0,27,515
0.16,0.47,0.62,0.01,0.01,0.19,1.0,0.92,0.15,0.24,0.002,0.0104,0.0,100,508
0.16,0.47,0.62,0.01,0.01,0.19,1.0,0.92,0.15,0.24,0.002,0.0104,0.0,200,494
0.16,0.47,0.62,0.01,0.01,0.19,1.0,0.92,0.15,0.24,0.002,0.0104,0.0,300,464
0.16,0.47,0.62,0.01,0.01,0.19,1.0,0.92,0.15,0.24,0.002,0.0104,0.0,400,440
0.16,0.47,0.62,0.01,0.01,0.19,1.0,0.92,0.15,0.24,0.002,0.0104,0.0,450,447
0.18,0.37,0.61,0.019,0.018,0.11,1.09,1.12,0.07,0.28,0.016,0.0064,0.0,27,650
0.18,0.37,0.61,0.019,0.018,0.11,1.09,1.12,0.07,0.28,0.016,0.0064,0.0,100,520
0.18,0.37,0.61,0.019,0.018,0.11,1.09,1.12,0.07,0.28,0.016,0.0064,0.0,200,516
0.18,0.37,0.61,0.019,0.018,0.11,1.09,1.12,0.07,0.28,0.016,0.0064,0.0,300,199
0.18,0.37,0.61,0.019,0.018,0.11,1.09,1.12,0.07,0.28,0.016,0.0064,0.0,400,530
0.18,0.37,0.61,0.019,0.018,0.11,1.09,1.12,0.07,0.28,0.016,0.0064,0.0,450,534
0.16,0.52,0.79,0.01,0.008,0.13,1.16,0.97,0.11,0.23,0.003,0.0106,0.0,27,570
0.16,0.52,0.79,0.01,0.008,0.13,1.16,0.97,0.11,0.23,0.003,0.0106,0.0,100,540
0.16,0.52,0.79,0.01,0.008,0.13,1.16,0.97,0.11,0.23,0.003,0.0106,0.0,200,522
0.16,0.52,0.79,0.01,0.008,0.13,1.16,0.97,0.11,0.23,0.003,0.0106,0.0,300,513
0.16,0.52,0.79,0.01,0.008,0.13,1.16,0.97,0.11,0.23,0.003,0.0106,0.0,400,499
0.16,0.52,0.79,0.01,0.008,0.13,1.16,0.97,0.11,0.23,0.003,0.0106,0.0,450,463
0.18,0.39,0.63,0.012,0.012,0.23,1.22,0.89,0.17,0.23,0.002,0.0103,0.0,27,525
0.18,0.39,0.63,0.012,0.012,0.23,1.22,0.89,0.17,0.23,0.002,0.0103,0.0,100,499
0.18,0.39,0.63,0.012,0.012,0.23,1.22,0.89,0.17,0.23,0.002,0.0103,0.0,200,162
0.18,0.39,0.63,0.012,0.012,0.23,1.22,0.89,0.17,0.23,0.002,0.0103,0.0,300,459
0.18,0.39,0.63,0.012,0.012,0.23,1.22,0.89,0.17,0.23,0.002,0.0103,0.0,400,473
0.18,0.39,0.63,0.012,0.012,0.23,1.22,0.89,0.17,0.23,0.002,0.0103,0.0,450,434
0.15,0.52,0.78,0.01,0.009,0.12,1.17,0.98,0.08,0.23,0.003,0.0106,0.0,27,555
0.15,0.52,0.78,0.01,0.009,0.12,1.17,0.98,0.08,0.23,0.003,0.0106,0.0,100,534
0.15,0.52,0.78,0.01,0.009,0.12,1.17,0.98,0.08,0.23,0.003,0.0106,0.0,200,501
0.15,0.52,0.78,0.01,0.009,0.12,1.17,0.98,0.08,0.23,0.003,0.0106,0.0,300,496
0.15,0.52,0.78,0.01,0.009,0.12,1.17,0.98,0.08,0.23,0.003,0.0106,0.0,400,480
0.15,0.52,0.78,0.01,0.009,0.12,1.17,0.98,0.08,0.23,0.003,0.0106,0.0,450,450
0.15,0.3,1.14,0.009,0.021,0.31,0.2,0.08,0.14,0.0,0.028,0.0082,0.0,27,468
0.15,0.3,1.14,0.009,0.021,0.31,0.2,0.08,0.14,0.0,0.028,0.0082,0.0,100,434
0.15,0.3,1.14,0.009,0.021,0.31,0.2,0.08,0.14,0.0,0.028,0.0082,0.0,200,439
0.15,0.3,1.14,0.009,0.021,0.31,0.2,0.08,0.14,0.0,0.028,0.0082,0.0,300,421
0.15,0.3,1.14,0.009,0.021,0.31,0.2,0.08,0.14,0.0,0.028,0.0082,0.0,350,403
0.15,0.3,1.14,0.009,0.021,0.31,0.2,0.08,0.14,0.0,0.028,0.0082,0.0,400,410
0.15,0.3,1.14,0.009,0.021,0.31,0.2,0.08,0.14,0.0,0.028,0.0082,0.0,450,350
0.15,0.28,1.32,0.019,0.005,0.077,0.053,0.008,0.08,0.07,0.017,0.0066,0.0,27,483
0.15,0.28,1.32,0.019,0.005,0.077,0.053,0.008,0.08,0.07,0.017,0.0066,0.0,100,513
0.15,0.28,1.32,0.019,0.005,0.077,0.053,0.008,0.08,0.07,0.017,0.0066,0.0,200,450
0.15,0.28,1.32,0.019,0.005,0.077,0.053,0.008,0.08,0.07,0.017,0.0066,0.0,300,452
0.15,0.28,1.32,0.019,0.005,0.077,0.053,0.008,0.08,0.07,0.017,0.0066,0.0,350,436
0.15,0.28,1.32,0.019,0.005,0.077,0.053,0.008,0.08,0.07,0.017,0.0066,0.0,400,415
0.15,0.28,1.32,0.019,0.005,0.077,0.053,0.008,0.08,0.07,0.017,0.0066,0.0,450,375
0.16,0.28,1.14,0.017,0.016,0.33,0.24,0.08,0.13,0.0,0.015,0.0067,0.0,27,590
0.16,0.28,1.14,0.017,0.016,0.33,0.24,0.08,0.13,0.0,0.015,0.0067,0.0,100,591
0.16,0.28,1.14,0.017,0.016,0.33,0.24,0.08,0.13,0.0,0.015,0.0067,0.0,200,570
0.16,0.28,1.14,0.017,0.016,0.33,0.24,0.08,0.13,0.0,0.015,0.0067,0.0,300,566
0.16,0.28,1.14,0.017,0.016,0.33,0.24,0.08,0.13,0.0,0.015,0.0067,0.0,350,526
0.16,0.28,1.14,0.017,0.016,0.33,0.24,0.08,0.13,0.0,0.015,0.0067,0.0,400,530
0.16,0.28,1.14,0.017,0.016,0.33,0.24,0.08,0.13,0.0,0.015,0.0067,0.0,450,467
0.16,0.48,1.21,0.017,0.009,0.02,0.02,0.1,0.02,0.05,0.04,0.0028,0.0,27,574
0.16,0.48,1.21,0.017,0.009,0.02,0.02,0.1,0.02,0.05,0.04,0.0028,0.0,100,512
0.16,0.48,1.21,0.017,0.009,0.02,0.02,0.1,0.02,0.05,0.04,0.0028,0.0,200,513
0.16,0.48,1.21,0.017,0.009,0.02,0.02,0.1,0.02,0.05,0.04,0.0028,0.0,300,486
0.16,0.48,1.21,0.017,0.009,0.02,0.02,0.1,0.02,0.05,0.04,0.0028,0.0,350,461
0.16,0.48,1.21,0.017,0.009,0.02,0.02,0.1,0.02,0.05,0.04,0.0028,0.0,400,431
0.16,0.48,1.21,0.017,0.009,0.02,0.02,0.1,0.02,0.05,0.04,0.0028,0.0,450,424
0.13,0.33,1.23,0.014,0.015,0.44,0.04,0.076,0.04,0.04,0.032,0.0074,0.0,27,515
0.13,0.33,1.23,0.014,0.015,0.44,0.04,0.076,0.04,0.04,0.032,0.0074,0.0,100,500
0.13,0.33,1.23,0.014,0.015,0.44,0.04,0.076,0.04,0.04,0.032,0.0074,0.0,200,473
0.13,0.33,1.23,0.014,0.015,0.44,0.04,0.076,0.04,0.04,0.032,0.0074,0.0,300,459
0.13,0.33,1.23,0.014,0.015,0.44,0.04,0.076,0.04,0.04,0.032,0.0074,0.0,350,446
0.13,0.33,1.23,0.014,0.015,0.44,0.04,0.076,0.04,0.04,0.032,0.0074,0.0,400,399
0.13,0.33,1.23,0.014,0.015,0.44,0.04,0.076,0.04,0.04,0.032,0.0074,0.0,450,395
0.14,0.3,1.09,0.008,0.015,0.39,0.12,0.09,0.17,0.0,0.032,0.0098,0.0,27,451
0.14,0.3,1.09,0.008,0.015,0.39,0.12,0.09,0.17,0.0,0.032,0.0098,0.0,100,424
0.14,0.3,1.09,0.008,0.015,0.39,0.12,0.09,0.17,0.0,0.032,0.0098,0.0,200,411
0.14,0.3,1.09,0.008,0.015,0.39,0.12,0.09,0.17,0.0,0.032,0.0098,0.0,300,396
0.14,0.3,1.09,0.008,0.015,0.39,0.12,0.09,0.17,0.0,0.032,0.0098,0.0,350,397
0.14,0.3,1.09,0.008,0.015,0.39,0.12,0.09,0.17,0.0,0.032,0.0098,0.0,400,351
0.14,0.3,1.09,0.008,0.015,0.39,0.12,0.09,0.17,0.0,0.032,0.0098,0.0,450,342
0.14,0.21,1.29,0.016,0.008,0.21,0.02,0.06,0.09,0.03,0.021,0.0065,0.0,27,476
0.14,0.21,1.29,0.016,0.008,0.21,0.02,0.06,0.09,0.03,0.021,0.0065,0.0,100,456
0.14,0.21,1.29,0.016,0.008,0.21,0.02,0.06,0.09,0.03,0.021,0.0065,0.0,200,443
0.14,0.21,1.29,0.016,0.008,0.21,0.02,0.06,0.09,0.03,0.021,0.0065,0.0,300,432
0.14,0.21,1.29,0.016,0.008,0.21,0.02,0.06,0.09,0.03,0.021,0.0065,0.0,350,409
0.14,0.21,1.29,0.016,0.008,0.21,0.02,0.06,0.09,0.03,0.021,0.0065,0.0,400,422
0.14,0.21,1.29,0.016,0.008,0.21,0.02,0.06,0.09,0.03,0.021,0.0065,0.0,450,403
0.148,0.49,1.27,0.03,0.005,0.04,0.19,0.02,0.03,0.07,0.036,0.0065,0.0,27,514
0.148,0.49,1.27,0.03,0.005,0.04,0.19,0.02,0.03,0.07,0.036,0.0065,0.0,100,497
0.148,0.49,1.27,0.03,0.005,0.04,0.19,0.02,0.03,0.07,0.036,0.0065,0.0,200,511
0.148,0.49,1.27,0.03,0.005,0.04,0.19,0.02,0.03,0.07,0.036,0.0065,0.0,300,451
0.148,0.49,1.27,0.03,0.005,0.04,0.19,0.02,0.03,0.07,0.036,0.0065,0.0,350,459
0.148,0.49,1.27,0.03,0.005,0.04,0.19,0.02,0.03,0.07,0.036,0.0065,0.0,400,415
0.148,0.49,1.27,0.03,0.005,0.04,0.19,0.02,0.03,0.07,0.036,0.0065,0.0,450,388
0.17,0.52,1.27,0.017,0.015,0.02,0.02,0.1,0.02,0.05,0.049,0.0026,0.0,27,623
0.17,0.52,1.27,0.017,0.015,0.02,0.02,0.1,0.02,0.05,0.049,0.0026,0.0,100,637
0.17,0.52,1.27,0.017,0.015,0.02,0.02,0.1,0.02,0.05,0.049,0.0026,0.0,200,594
0.17,0.52,1.27,0.017,0.015,0.02,0.02,0.1,0.02,0.05,0.049,0.0026,0.0,300,573
0.17,0.52,1.27,0.017,0.015,0.02,0.02,0.1,0.02,0.05,0.049,0.0026,0.0,350,517
0.17,0.52,1.27,0.017,0.015,0.02,0.02,0.1,0.02,0.05,0.049,0.0026,0.0,400,500
0.17,0.52,1.27,0.017,0.015,0.02,0.02,0.1,0.02,0.05,0.049,0.0026,0.0,450,483
0.12,0.33,1.37,0.016,0.012,0.19,0.03,0.01,0.03,0.08,0.042,0.007,0.0,27,666
0.12,0.33,1.37,0.016,0.012,0.19,0.03,0.01,0.03,0.08,0.042,0.007,0.0,100,541
0.12,0.33,1.37,0.016,0.012,0.19,0.03,0.01,0.03,0.08,0.042,0.007,0.0,200,507
0.12,0.33,1.37,0.016,0.012,0.19,0.03,0.01,0.03,0.08,0.042,0.007,0.0,300,491
0.12,0.33,1.37,0.016,0.012,0.19,0.03,0.01,0.03,0.08,0.042,0.007,0.0,350,467
0.12,0.33,1.37,0.016,0.012,0.19,0.03,0.01,0.03,0.08,0.042,0.007,0.0,400,450
0.12,0.33,1.37,0.016,0.012,0.19,0.03,0.01,0.03,0.08,0.042,0.007,0.0,450,409
0.13,0.34,1.23,0.012,0.016,0.46,0.03,0.072,0.02,0.042,0.035,0.0065,0.0,27,533
0.13,0.34,1.23,0.012,0.016,0.46,0.03,0.072,0.02,0.042,0.035,0.0065,0.0,100,510
0.13,0.34,1.23,0.012,0.016,0.46,0.03,0.072,0.02,0.042,0.035,0.0065,0.0,200,482
0.13,0.34,1.23,0.012,0.016,0.46,0.03,0.072,0.02,0.042,0.035,0.0065,0.0,300,464
0.13,0.34,1.23,0.012,0.016,0.46,0.03,0.072,0.02,0.042,0.035,0.0065,0.0,350,437
0.13,0.34,1.23,0.012,0.016,0.46,0.03,0.072,0.02,0.042,0.035,0.0065,0.0,400,447
0.13,0.34,1.23,0.012,0.016,0.46,0.03,0.072,0.02,0.042,0.035,0.0065,0.0,450,396
0.12,0.37,1.32,0.012,0.012,0.22,0.03,0.07,0.07,0.04,0.03,0.0064,0.0,27,455
0.12,0.37,1.32,0.012,0.012,0.22,0.03,0.07,0.07,0.04,0.03,0.0064,0.0,100,426
0.12,0.37,1.32,0.012,0.012,0.22,0.03,0.07,0.07,0.04,0.03,0.0064,0.0,200,394
0.12,0.37,1.32,0.012,0.012,0.22,0.03,0.07,0.07,0.04,0.03,0.0064,0.0,300,372
0.12,0.37,1.32,0.012,0.012,0.22,0.03,0.07,0.07,0.04,0.03,0.0064,0.0,350,357
0.12,0.37,1.32,0.012,0.012,0.22,0.03,0.07,0.07,0.04,0.03,0.0064,0.0,400,341
0.12,0.37,1.32,0.012,0.012,0.22,0.03,0.07,0.07,0.04,0.03,0.0064,0.0,450,321
0.16,0.29,1.42,0.013,0.006,0.041,0.054,0.011,0.08,0.079,0.006,0.0048,0.0,27,501
0.16,0.29,1.42,0.013,0.006,0.041,0.054,0.011,0.08,0.079,0.006,0.0048,0.0,100,513
0.16,0.29,1.42,0.013,0.006,0.041,0.054,0.011,0.08,0.079,0.006,0.0048,0.0,200,482
0.16,0.29,1.42,0.013,0.006,0.041,0.054,0.011,0.08,0.079,0.006,0.0048,0.0,300,408
0.16,0.29,1.42,0.013,0.006,0.041,0.054,0.011,0.08,0.079,0.006,0.0048,0.0,350,451
0.16,0.29,1.42,0.013,0.006,0.041,0.054,0.011,0.08,0.079,0.006,0.0048,0.0,400,422
0.16,0.29,1.42,0.013,0.006,0.041,0.054,0.011,0.08,0.079,0.006,0.0048,0.0,450,388
0.123,0.44,1.19,0.021,0.006,0.05,0.2,0.02,0.03,0.07,0.04,0.006,0.0,27,530
0.123,0.44,1.19,0.021,0.006,0.05,0.2,0.02,0.03,0.07,0.04,0.006,0.0,100,486
0.123,0.44,1.19,0.021,0.006,0.05,0.2,0.02,0.03,0.07,0.04,0.006,0.0,200,465
0.123,0.44,1.19,0.021,0.006,0.05,0.2,0.02,0.03,0.07,0.04,0.006,0.0,300,511
0.123,0.44,1.19,0.021,0.006,0.05,0.2,0.02,0.03,0.07,0.04,0.006,0.0,350,451
0.123,0.44,1.19,0.021,0.006,0.05,0.2,0.02,0.03,0.07,0.04,0.006,0.0,400,459
0.123,0.44,1.19,0.021,0.006,0.05,0.2,0.02,0.03,0.07,0.04,0.006,0.0,450,383
0.14,0.38,1.24,0.014,0.014,0.43,0.03,0.084,0.05,0.043,0.04,0.0066,0.0,27,539
0.14,0.38,1.24,0.014,0.014,0.43,0.03,0.084,0.05,0.043,0.04,0.0066,0.0,100,508
0.14,0.38,1.24,0.014,0.014,0.43,0.03,0.084,0.05,0.043,0.04,0.0066,0.0,200,497
0.14,0.38,1.24,0.014,0.014,0.43,0.03,0.084,0.05,0.043,0.04,0.0066,0.0,300,471
0.14,0.38,1.24,0.014,0.014,0.43,0.03,0.084,0.05,0.043,0.04,0.0066,0.0,350,447
0.14,0.38,1.24,0.014,0.014,0.43,0.03,0.084,0.05,0.043,0.04,0.0066,0.0,400,438
0.14,0.38,1.24,0.014,0.014,0.43,0.03,0.084,0.05,0.043,0.04,0.0066,0.0,450,403
0.14,0.33,1.45,0.025,0.012,0.18,0.03,0.01,0.02,0.06,0.05,0.0051,0.0,27,513
0.14,0.33,1.45,0.025,0.012,0.18,0.03,0.01,0.02,0.06,0.05,0.0051,0.0,100,521
0.14,0.33,1.45,0.025,0.012,0.18,0.03,0.01,0.02,0.06,0.05,0.0051,0.0,200,500
0.14,0.33,1.45,0.025,0.012,0.18,0.03,0.01,0.02,0.06,0.05,0.0051,0.0,300,488
0.14,0.33,1.45,0.025,0.012,0.18,0.03,0.01,0.02,0.06,0.05,0.0051,0.0,350,469
0.14,0.33,1.45,0.025,0.012,0.18,0.03,0.01,0.02,0.06,0.05,0.0051,0.0,400,437
0.14,0.33,1.45,0.025,0.012,0.18,0.03,0.01,0.02,0.06,0.05,0.0051,0.0,450,402
0.15,0.25,1.38,0.014,0.006,0.04,0.041,0.006,0.08,0.088,0.015,0.0076,0.0,27,483
0.15,0.25,1.38,0.014,0.006,0.04,0.041,0.006,0.08,0.088,0.015,0.0076,0.0,100,468
0.15,0.25,1.38,0.014,0.006,0.04,0.041,0.006,0.08,0.088,0.015,0.0076,0.0,200,411
0.15,0.25,1.38,0.014,0.006,0.04,0.041,0.006,0.08,0.088,0.015,0.0076,0.0,300,399
0.15,0.25,1.38,0.014,0.006,0.04,0.041,0.006,0.08,0.088,0.015,0.0076,0.0,350,395
0.15,0.25,1.38,0.014,0.006,0.04,0.041,0.006,0.08,0.088,0.015,0.0076,0.0,400,360
0.15,0.25,1.38,0.014,0.006,0.04,0.041,0.006,0.08,0.088,0.015,0.0076,0.0,450,312
0.143,0.5,1.2,0.03,0.007,0.06,0.17,0.02,0.02,0.07,0.029,0.0068,0.0,27,488
0.143,0.5,1.2,0.03,0.007,0.06,0.17,0.02,0.02,0.07,0.029,0.0068,0.0,100,463
0.143,0.5,1.2,0.03,0.007,0.06,0.17,0.02,0.02,0.07,0.029,0.0068,0.0,200,445
0.143,0.5,1.2,0.03,0.007,0.06,0.17,0.02,0.02,0.07,0.029,0.0068,0.0,300,425
0.143,0.5,1.2,0.03,0.007,0.06,0.17,0.02,0.02,0.07,0.029,0.0068,0.0,350,420
0.143,0.5,1.2,0.03,0.007,0.06,0.17,0.02,0.02,0.07,0.029,0.0068,0.0,400,407
0.143,0.5,1.2,0.03,0.007,0.06,0.17,0.02,0.02,0.07,0.029,0.0068,0.0,450,356
0.17,0.49,1.26,0.013,0.01,0.01,0.02,0.09,0.02,0.04,0.045,0.0025,0.0,27,537
0.17,0.49,1.26,0.013,0.01,0.01,0.02,0.09,0.02,0.04,0.045,0.0025,0.0,100,508
0.17,0.49,1.26,0.013,0.01,0.01,0.02,0.09,0.02,0.04,0.045,0.0025,0.0,200,532
0.17,0.49,1.26,0.013,0.01,0.01,0.02,0.09,0.02,0.04,0.045,0.0025,0.0,300,461
0.17,0.49,1.26,0.013,0.01,0.01,0.02,0.09,0.02,0.04,0.045,0.0025,0.0,350,465
0.17,0.49,1.26,0.013,0.01,0.01,0.02,0.09,0.02,0.04,0.045,0.0025,0.0,400,413
0.17,0.49,1.26,0.013,0.01,0.01,0.02,0.09,0.02,0.04,0.045,0.0025,0.0,450,411
0.13,0.42,1.28,0.014,0.012,0.21,0.22,0.05,0.04,0.03,0.037,0.0072,0.0,27,476
0.13,0.42,1.28,0.014,0.012,0.21,0.22,0.05,0.04,0.03,0.037,0.0072,0.0,100,451
0.13,0.42,1.28,0.014,0.012,0.21,0.22,0.05,0.04,0.03,0.037,0.0072,0.0,200,426
0.13,0.42,1.28,0.014,0.012,0.21,0.22,0.05,0.04,0.03,0.037,0.0072,0.0,300,410
0.13,0.42,1.28,0.014,0.012,0.21,0.22,0.05,0.04,0.03,0.037,0.0072,0.0,350,391
0.13,0.42,1.28,0.014,0.012,0.21,0.22,0.05,0.04,0.03,0.037,0.0072,0.0,400,378
0.13,0.42,1.28,0.014,0.012,0.21,0.22,0.05,0.04,0.03,0.037,0.0072,0.0,450,359
0.16,0.41,1.48,0.014,0.01,0.02,0.02,0.01,0.03,0.08,0.033,0.0079,0.0,27,577
0.16,0.41,1.48,0.014,0.01,0.02,0.02,0.01,0.03,0.08,0.033,0.0079,0.0,100,546
0.16,0.41,1.48,0.014,0.01,0.02,0.02,0.01,0.03,0.08,0.033,0.0079,0.0,200,542
0.16,0.41,1.48,0.014,0.01,0.02,0.02,0.01,0.03,0.08,0.033,0.0079,0.0,300,483
0.16,0.41,1.48,0.014,0.01,0.02,0.02,0.01,0.03,0.08,0.033,0.0079,0.0,350,487
0.16,0.41,1.48,0.014,0.01,0.02,0.02,0.01,0.03,0.08,0.033,0.0079,0.0,400,452
0.16,0.41,1.48,0.014,0.01,0.02,0.02,0.01,0.03,0.08,0.033,0.0079,0.0,450,404
0.23,0.23,1.23,0.027,0.012,0.03,0.04,0.017,0.01,0.009,0.003,0.0111,0.0017,27,359
0.23,0.23,1.23,0.027,0.012,0.03,0.04,0.017,0.01,0.009,0.003,0.0111,0.0017,100,371
0.23,0.23,1.23,0.027,0.012,0.03,0.04,0.017,0.01,0.009,0.003,0.0111,0.0017,150,367
0.23,0.23,1.23,0.027,0.012,0.03,0.04,0.017,0.01,0.009,0.003,0.0111,0.0017,200,358
0.23,0.23,1.23,0.027,0.012,0.03,0.04,0.017,0.01,0.009,0.003,0.0111,0.0017,250,305
0.23,0.23,1.23,0.027,0.012,0.03,0.04,0.017,0.01,0.009,0.003,0.0111,0.0017,300,290
0.23,0.23,1.23,0.027,0.012,0.03,0.04,0.017,0.01,0.009,0.003,0.0111,0.0017,350,258
0.23,0.23,1.23,0.027,0.012,0.03,0.04,0.017,0.01,0.009,0.003,0.0111,0.0017,400,243
0.23,0.23,1.23,0.027,0.012,0.03,0.04,0.017,0.01,0.009,0.003,0.0111,0.0017,450,240
0.22,0.22,1.24,0.021,0.008,0.03,0.05,0.017,0.01,0.005,0.005,0.0116,0.0017,27,382
0.22,0.22,1.24,0.021,0.008,0.03,0.05,0.017,0.01,0.005,0.005,0.0116,0.0017,100,381
0.22,0.22,1.24,0.021,0.008,0.03,0.05,0.017,0.01,0.005,0.005,0.0116,0.0017,150,372
0.22,0.22,1.24,0.021,0.008,0.03,0.05,0.017,0.01,0.005,0.005,0.0116,0.0017,200,396
0.22,0.22,1.24,0.021,0.008,0.03,0.05,0.017,0.01,0.005,0.005,0.0116,0.0017,250,326
0.22,0.22,1.24,0.021,0.008,0.03,0.05,0.017,0.01,0.005,0.005,0.0116,0.0017,300,282
0.22,0.22,1.24,0.021,0.008,0.03,0.05,0.017,0.01,0.005,0.005,0.0116,0.0017,350,268
0.22,0.22,1.24,0.021,0.008,0.03,0.05,0.017,0.01,0.005,0.005,0.0116,0.0017,400,244
0.22,0.22,1.24,0.021,0.008,0.03,0.05,0.017,0.01,0.005,0.005,0.0116,0.0017,450,224
